<?xml version="1.0" encoding="UTF-8"?>
<project-private xmlns="http://www.netbeans.org/ns/project-private/1">
    <editor-bookmarks xmlns="http://www.netbeans.org/ns/editor-bookmarks/2" lastBookmarkId="0"/>
    <open-files xmlns="http://www.netbeans.org/ns/projectui-open-files/2">
        <group>
            <file>file:/C:/New%20folder1/Wildlife%20Management%20System/src/WildlifeManagementSystem/Touristpage.java</file>
            <file>file:/C:/New%20folder1/Wildlife%20Management%20System/src/WildlifeManagementSystem/Animalspage.java</file>
            <file>file:/C:/New%20folder1/Wildlife%20Management%20System/src/WildlifeManagementSystem/Employee.java</file>
            <file>file:/C:/New%20folder1/Wildlife%20Management%20System/src/WildlifeManagementSystem/Wildlife.java</file>
            <file>file:/C:/New%20folder1/Wildlife%20Management%20System/src/WildlifeManagementSystem/Mainpage.java</file>
            <file>file:/C:/New%20folder1/Wildlife%20Management%20System/src/WildlifeManagementSystem/databaseconnection.java</file>
            <file>file:/C:/New%20folder1/Wildlife%20Management%20System/src/WildlifeManagementSystem/loginpage.java</file>
            <file>file:/C:/New%20folder1/Wildlife%20Management%20System/src/WildlifeManagementSystem/Safaripage.java</file>
        </group>
    </open-files>
</project-private>
